statistic,scale_bot,scale_top,x-range,y-range
2D:G Ratio,0.0,2.0,0.0 - 3.21821,0.0 - 3.573251
D:G Ratio,0.014961073290956774,0.344967406226866,0.0 - 3.21821,0.0 - 3.573251
D Peak Location,1216.9115565751842,1351.384309356294,0.0 - 3.21821,0.0 - 3.573251
G Peak Location,1577.397859668846,1579.6224415230547,0.0 - 3.21821,0.0 - 3.573251
2D Peak Location,2671.891063366409,2711.543661786797,0.0 - 3.21821,0.0 - 3.573251
